name,weird_species,petname
Charleen,Seven-banded armadillo,ABBEY
James,Downy woodpecker,ABBIE
Fletch,"Toucan, white-throated",ABBY
Sandro,"Hyena, spotted",ABEL
Aldridge,"Shelduck, common",ABIGAIL
Jessi,Agouti,ACE
Susi,Suricate,ADAM
Otto,"Armadillo, seven-banded",ADDIE
Deborah,"Jacana, african",ADMIRAL
Byrom,"Gonolek, burchell's",AGGIE
Karlis,"Hawk, ferruginous",AIRES
Cristen,Grant's gazelle,AJ
Brigid,Groundhog,AJAX
Jany,"Mynah, indian",ALDO
Ab,"Wambenger, red-tailed",ALEX
Donielle,Mountain lion,ALEXUS
Paolo,Marabou stork,ALF
Gennifer,Python (unidentified),ALFIE
Farand,"Seal, northern elephant",ALLIE
Sorcha,"Magpie, black-backed",ALLY
Glad,"Flamingo, greater",AMBER
Harper,Arctic lemming,AMIE
Lane,"Bear, polar",AMIGO
Sabrina,"Lizard, desert spiny",AMOS
Thorn,African black crake,AMY
Francesca,Nyala,ANDY
Leonardo,"Cow, scottish highland",ANGEL
Tallia,Blue crane,ANGUS
Raddie,Asian elephant,ANNIE
Jaime,"Anteater, giant",APOLLO
Maryanna,Southern sea lion,APRIL
Ryley,Bohor reedbuck,ARCHIE
Kara-lynn,"Bee-eater, nubian",ARGUS
Merl,Lesser mouse lemur,ARIES
Addy,Australian sea lion,ARMANTI
Dianemarie,"Thrasher, curve-billed",ARNIE
Maryl,Ocelot,ARROW
Janean,"Chickadee, black-capped",ASHES
Lois,"Catfish, blue",ASHLEY
Reid,"Gnu, brindled",ASTRO
Xylia,"Dove, white-winged",ATHENA
Marketa,"Buffalo, american",ATLAS
Lev,Blue wildebeest,AUDI
Brennen,"Otter, african clawless",AUGIE
Enrichetta,"Pelican, brown",AUSSIE
Demott,African bush squirrel,AUSTIN
Carr,Gray heron,AUTUMN
Dominique,Snowy egret,AXEL
Alfreda,Red squirrel,AXLE
Gillan,Sloth bear,BABBLES
Dosi,African black crake,BABE
Claudina,"Zorro, azara's",BABY
Gunner,"Booby, blue-footed",BABY-DOLL
Nicolai,"Zebra, common",BABYKINS
Fabiano,Agile wallaby,BACCHUS
Nonnah,Burchell's gonolek,BAILEY
Waverly,Common mynah,BAM-BAM
Selig,"Skimmer, four-spotted",BAMBI
Bendicty,Common genet,BANDIT
Hatty,Barasingha deer,BANJO
Lee,Vicuna,BARBIE
Hyacinth,White-throated robin,BARCLAY
Randie,Green heron,BARKER
Brina,"Stork, white",BARKLEY
Barrett,Mule deer,BARLEY
Gwennie,Collared peccary,BARNABY
Juliette,"Kingfisher, malachite",BARNEY
Giordano,Polar bear,BARON
Allsun,"Macaw, scarlet",BART
Ciel,Two-toed sloth,BASIL
Randa,"Otter, cape clawless",BAXTER
Mollie,"Squirrel, smith's bush",BB
Humfrid,"Lion, galapagos sea",BEAMER
Desmond,Chacma baboon,BEANIE
Syd,"Goose, cereopsis",BEANS
Kania,"Toucan, white-throated",BEAR
Nadine,Lilac-breasted roller,BEAU
Millard,Lesser double-collared sunbird,BEAUTY
Rosalinda,Serval,BEAUX
Isaiah,Black rhinoceros,BEBE
Ramon,"Hornbill, leadbeateri's ground",BEETLE
Dill,Woylie,BELLA
Dorrie,Beisa oryx,BELLE
Dorey,"Wallaby, agile",BEN
Grace,Bohor reedbuck,BENJI
Gilli,"Macaw, scarlet",BENNY
Muriel,"Stork, european",BENSON
Aggie,American crow,BENTLEY
Darrelle,"Mongoose, eastern dwarf",BERNIE
Rosana,Suricate,BESSIE
Jasen,"Monster, gila",BIABLO
Alexander,"Bandicoot, long-nosed",BIBBLES
Gavin,"Heron, green-backed",BIG BOY
Kippy,Ant (unidentified),BIG FOOT
Osborne,Ring-tailed coatimundi,BIGGIE
Rosamond,"Shrew, mandras tree",BILLIE
Kerri,South American puma,BILLY
Murdock,Wild turkey,BINGO
Donnajean,"Pelican, eastern white",BINKY
Clarey,Long-nosed bandicoot,BIRDIE
Natividad,Kinkajou,BIRDY
Hannah,Chacma baboon,BISCUIT
Hashim,Pied avocet,BISHOP
Dolores,European stork,BITS
Deeyn,"Porcupine, african",BITSY
Lianne,Tsessebe,BIZZY
Rafaellle,Snowy sheathbill,BJ
Ulrike,Crested screamer,BLACKIE
Xenia,"Porcupine, prehensile-tailed",BLACK-JACK
Devin,Pied butcher bird,BLANCHE
Darcey,"Sloth, hoffman's",BLAST
Imelda,"Boa, malagasy ground",BLAZE
Juditha,Emerald green tree boa,BLONDIE
Zebulen,"Wallaby, red-necked",BLOSSOM
Wilie,"Godwit, hudsonian",BLUE
Alma,Greater flamingo,BO
Odelinda,"Dragon, frilled",BO
Theobald,"Goldeneye, barrows",BOB
Ollie,Lizard (unidentified),BOBBIE
Modesty,Pronghorn,BOBBY
Marcie,"Dove, rock",BOBO
Nickey,"Sparrow, house",BODIE
Mahmud,Black-eyed bulbul,BOGEY
Farlie,White-throated kingfisher,BONES
Hewett,Serval,BONGO
Alano,"Vulture, oriental white-backed",BONNIE
Jenelle,Hoffman's sloth,BOO
Web,Common raccoon,BOO-BOO
Wittie,Orca,BOOKER
Minor,"Eland, common",BOOMER
Elie,Leadbeateri's ground hornbill,BOONE
Jorey,Springbok,BOOSTER
Shay,"Baboon, savanna",BOOTIE
Binny,Common zorro,BOOTS
Red,Ring-tailed lemur,BOOZER
Porty,"Mongoose, javan gold-spotted",BORIS
Geneva,Defassa waterbuck,BOSCO
Hollie,"Constrictor, eastern boa",BOSLEY
Cathlene,"Tenrec, tailless",BOSS
Kissee,"Crake, african black",BOY
Germayne,"Lion, south american sea",BOZLEY
Fredia,"Heron, yellow-crowned night",BRADLEY
Corrina,"Spurfowl, yellow-necked",BRADY
Flynn,Hippopotamus,BRAGGS
Levey,Curve-billed thrasher,BRANDI
Erin,Red-tailed hawk,BRANDO
Alie,"Cormorant, neotropic",BRANDY
Gordon,Plains zebra,BRIDGETT
Ranna,Gaur,BRIDGETTE
Calv,"Cat, long-tailed spotted",BRIE
Gretel,"Otter, cape clawless",BRINDLE
Mariejeanne,Green-backed heron,BRIT
Madel,Grey lourie,BRITTANY
Adel,"Hare, arctic",BRODIE
Wiatt,"Lemur, lesser mouse",BROOK
Elsinore,White-throated monitor,BROOKE
Timmie,Scaly-breasted lorikeet,BROWNIE
Cassius,"Hawk, ferruginous",BRUISER
Helen-elizabeth,Chestnut weaver,BRUNO
Hersh,Gray heron,BRUTUS
Anthiathia,"Pie, indian tree",BUBBA
Trudey,Blackish oystercatcher,BUBBLES
Desmond,"Hornbill, yellow-billed",BUCK
Catrina,Downy woodpecker,BUCKEYE
Melva,Red phalarope,BUCKO
Aubine,"Ferret, black-footed",BUCKY
Yolane,Cape Barren goose,BUD
Natalina,"Seal, harbor",BUDDA
Eleanora,"Mongoose, javan gold-spotted",BUDDIE
Ellis,"Screamer, southern",BUDDY
Roseanna,"Macaw, blue and gold",BUDDY BOY
Kissee,"Pintail, white-cheeked",BUFFIE
Shayla,Galapagos mockingbird,BUFFY
Chaim,Blue-footed booby,BUG
Aundrea,"Wallaby, dama",BUGSEY
Glennie,Chuckwalla,BUGSY
Darnall,Galapagos dove,BULLET
Isa,"Otter, cape clawless",BULLWINKLE
Tallulah,"Wolf, common",BULLY
Denny,"Turtle, long-necked",BUMPER
Daisi,Gaur,BUNKY
Gwenette,Koala,BUSTER
Atalanta,Wattled crane,BUSTER-BROWN
Mylo,Painted stork,BUTCH
Aylmer,Blesbok,BUTCHY
Jeni,"Rhea, gray",BUTTER
Idette,"Legaan, Monitor (unidentified)",BUTTERBALL
Ozzy,Black-backed magpie,BUTTERCUP
Biron,"Bat, little brown",BUTTERSCOTCH
Sara-ann,"Lapwing, southern",BUTTONS
Danella,"Spurfowl, yellow-necked",BUZZY
Illa,Malabar squirrel,CAESAR
Xenos,Emerald-spotted wood dove,CALI
Yule,"Squirrel, eastern fox",CALLIE
Desirae,Greater adjutant stork,CALVIN
Rodney,Yellow-brown sungazer,CAMEO
Kameko,Musk ox,CAMILLE
Lindie,"Wallaby, dama",CANDY
Ilka,"Duiker, common",CAPONE
Babbette,Roseate cockatoo,CAPTAIN
Haleigh,"Dove, white-winged",CARLEY
Andromache,"Otter, african clawless",CASEY
Ira,"Phascogale, red-tailed",CASPER
Ede,Reindeer,CASSIE
Miof mela,"Gecko, ring-tailed",CASSIS
Toiboid,Four-horned antelope,CHA CHA
Cletus,"Crane, stanley",CHAD
Teri,"Jackal, black-backed",CHAMBERLAIN
Nadine,"Raven, cape",CHAMP
Gunilla,"Turtle, long-necked",CHANCE
Arturo,"Peccary, collared",CHANEL
Roanne,"Starling, cape",CHAOS
Gav,"Squirrel, palm",CHARISMA
Mirabel,American badger,CHARLES
Paco,Worm snake (unidentified),CHARLIE
Lefty,"Macaque, pig-tailed",CHARLIE BROWN
Fenelia,"Gorilla, western lowland",CHARMER
Mattias,Short-nosed bandicoot,CHASE
Zonda,"Stork, white",CHAUNCEY
Sophia,Fringe-eared oryx,CHAZ
Marcello,Spectacled caiman,CHECKERS
Harrison,Southern white-crowned shrike,CHELSEA
Shurlock,"Heron, green",CHEROKEE
Aylmer,Red and blue macaw,CHESSIE
Nicoline,Trumpeter swan,CHESTER
Felike,Fairy penguin,CHEVY
Dominga,American bighorn sheep,CHEWIE
Celesta,Pied crow,CHEWY
Madonna,African elephant,CHEYENNE
Cornelia,Rhesus monkey,CHI CHI
Kipper,"Spider, wolf",CHIC
Henrietta,Buttermilk snake,CHICO
Tammara,Mandras tree shrew,CHIEF
Miltie,"Cockatoo, red-tailed",CHILI
Janina,Western palm tanager (unidentified),CHINA
Garek,"Corella, long-billed",CHIP
Constance,"Duiker, common",CHIPPER
Aggie,Grison,CHIPPY
Angel,Genoveva,CHIPS
Cristian,White-tailed jackrabbit,CHIQUITA
Verla,Frilled lizard,CHIVAS
Nichole,"Wallaby, whip-tailed",CHLOE
Stanislaus,"Caiman, spectacled",CHOCOLATE
Danna,Puma,CHRISSY
Kameko,"Turkey, common",CHUBBS
Dorie,Grey phalarope,CHUCKY
Andrew,"Dove, emerald-spotted wood",CHYNA
Byrle,Black kite,CINDER
Sidonia,"Goose, andean",CINDY
Rowe,Savanna baboon,CINNAMON
Zilvia,Cattle egret,CISCO
Zandra,"Grenadier, common",CLAIRE
Clair,"White-eye, cape",CLANCY
Trudi,Blue-footed booby,CLEO
Darbee,Dusky gull,CLEOPATRA
Enrika,Ring-tailed possum,CLICKER
Myrvyn,Roseat flamingo,CLIFFORD
Gonzales,Stone sheep,CLOVER
Dorris,"Deer, swamp",CLYDE
Rory,"Kangaroo, brush-tailed rat",COAL
Malissia,Springbuck,COBWEB
Murry,"Lizard, frilled",COCO
Krysta,Ground monitor (unidentified),COCOA
Gerard,"Egret, cattle",COCONUT
Cash,South American meadowlark (unidentified),CODI
Madel,"Plover, three-banded",CODY
Maureen,Square-lipped rhinoceros,COLE
Elwin,Yellow-bellied marmot,COMET
Stoddard,"Bird, secretary",COMMANDO
Trudie,"Finch, common melba",CONAN
Izak,Crab-eating fox,CONNOR
Thomasina,"Bee-eater, carmine",COOKIE
Dominique,Common goldeneye,COOPER
Wilhelmine,Eastern grey kangaroo,COPPER
Lib,"Iguana, marine",CORKY
Fayre,Eurasian hoopoe,COSMO
Johann,Gambel's quail,COTTON
Rona,"Flycatcher, tyrant",COZMO
Alex,"Screamer, southern",CRACKERS
Kalila,"Racer, american",CRICKET
Kalvin,"Legaan, water",CRYSTAL
Malorie,"Heron, green",CUBBY
Blisse,"Sloth, pale-throated three-toed",CUBS
Loralee,Gambel's quail,CUJO
Meridel,"Wallaby, tammar",CUPCAKE
Innis,"Bulbul, black-fronted",CURLY
Siusan,"Quoll, spotted-tailed",CURRY
Brena,"Duck, comb",CUTIE
Kathie,Bushbuck,CUTIE-PIE
Gwendolin,"Pelican, eastern white",CYRUS
Laraine,"Dragon, netted rock",DAFFY
Gertrude,Fork-tailed drongo,DAISEY-MAE
Marcellus,"Lemming, collared",DAISY
Mike,"Avocet, pied",DAKOTA
Lock,Four-horned antelope,DALLAS
Tedman,"Otter, small-clawed",DANDY
Misty,"Toucan, red-billed",DANTE
Shannan,"Monkey, vervet",DAPHNE
Cathi,"Stork, yellow-billed",DARBY
Wallie,"Tortoise, galapagos",DARCY
Oberon,"Heron, grey",DARWIN
Kanya,Asiatic jackal,DASH
Peggy,"Tapir, brazilian",DAVE
Lonnie,Large cormorant,DEACON
Wylma,"Tern, white-winged black",DEE
Gussy,"Devil, tasmanian",DEE DEE
Kienan,Koala,DEMPSEY
Leda,"Polecat, african",DESTINI
Omar,Sable antelope,DEWEY
Karia,Woylie,DEXTER
Farah,Sun gazer,DHARMA
Mariska,Coyote,DIAMOND
Arabelle,"Swan, black",DICKENS
Goldi,Savannah deer (unidentified),DIEGO
Neely,"Mongoose, yellow",DIESEL
Oralle,"Bandicoot, southern brown",DIGGER
Krishnah,Horned rattlesnake,DILLON
Tawnya,Asian water dragon,DINKY
Sunny,"Hartebeest, red",DINO
Jyoti,"Magpie, black-backed",DIVA
Leo,Marabou stork,DIXIE
Filmer,Australian pelican,DOBIE
Colene,Mule deer,DOC
Vania,Sportive lemur,DODGER
Dwight,"Vulture, white-rumped",DOGGON’
Dannie,"Lizard, goanna",DOLLY
Lannie,"Tern, royal",DOMINO
Carrol,Bare-faced go away bird,DOODLES
Ronny,Pied crow,DOOGIE
Lazar,"Lion, african",DOTS
Hilario,Kafue flats lechwe,DOTTIE
Eddi,"Hornbill, red-billed",DOZER
Latrena,Cottonmouth,DRAGSTER
Bil,"Stork, woolly-necked",DREAMER
Marilyn,Bontebok,DUCHESS
Somerset,African polecat,DUDE
Maybelle,Eagle owl (unidentified),DUDLEY
Denny,Ring-necked pheasant,DUFFY
Vyky,Red-billed hornbill,DUKE
Starlin,Chameleon (unidentified),DUNCAN
Shelden,"Hawk, red-tailed",DUNN
Page,"Pelican, eastern white",DUSTY
Hervey,"Macaque, bonnet",DUTCHES
Der,"Wolf, mexican",DUTCHESS
Borg,White-cheeked pintail,DYLAN
Shurlocke,"Lion, california sea",EARL
Federico,"Goose, cape barren",EBONY
Addi,"Phalarope, northern",ECHO
Maddy,Yellow-headed caracara,EDDIE
Berte,"Trumpeter, green-winged",EDDY
Donnamarie,Pronghorn,EDGAR
Garold,Guanaco,EDSEL
Deena,"Snake, carpet",EIFEL
Jocko,Dassie,EINSTEIN
Clareta,African snake (unidentified),ELLIE
Janella,Brown and yellow marshbird,ELLIOT
Egan,Hippopotamus,ELMO
Ed,Black-eyed bulbul,ELVIS
Shara,Common seal,ELWOOD
Jewel,"Lark, horned",EMBER
Antone,Square-lipped rhinoceros,EMILY
Albina,Black-winged stilt,EMMA
Lucille,Leopard,EMMY
Claudetta,Gecko (unidentified),ERIN
Milzie,Frilled lizard,ERNIE
Adena,"Rattlesnake, horned",EVA
Bond,Golden eagle,FAITH
Denis,Neotropic cormorant,FANCY
Lurette,"Flamingo, chilean",FELIX
Karrie,"White-eye, cape",FERGIE
Yankee,"Echidna, short-beaked",FERRIS
Maurene,"Gull, herring",FIDO
Daron,"Mongoose, javan gold-spotted",FIFI
Britte,Black bear,FIGARO
Cassi,"White-eye, cape",FINNEGAN
Sigfrid,"Squirrel, eurasian red",FIONA
Francis,Monitor lizard (unidentified),FLAKE
Chrystel,Emerald green tree boa,FLAKEY
Dorthea,Yellow-brown sungazer,FLASH
Gwyn,Australian spiny anteater,FLINT
Samaria,Mourning collared dove,FLOPSY
Harv,"Antechinus, brown",FLOWER
Jaine,"Crane, blue",FLOYD
Madalena,Red-tailed hawk,FLUFFY
Andrus,"Dove, rock",FONZIE
Beck,Laughing kookaburra,FOXY
Lezlie,"Lion, steller sea",FRANCAIS
Milicent,Grey phalarope,FRANKIE
Ketti,Silver-backed jackal,FRANKY
Tresa,Water monitor,FRECKLES
Francklyn,Common zebra,FRED
Benita,Oriental short-clawed otter,FREDDIE
Saree,"Hyena, brown",FREDDY
Cristabel,Collared lemming,FREEDOM
Andee,Oriental white-backed vulture,FREEWAY
Jermaine,Bird (unidentified),FRESIER
Ernaline,"Deer, barasingha",FRIDAY
Abram,Western lowland gorilla,FRISCO
Eugene,"Tamandua, southern",FRISKY
Dorthy,Spotted deer,FRITZ
Antonella,"Macaw, red and blue",FRODO
Ange,Frog (unidentified),FROSTY
Humbert,Long-tailed skua,FURBALL
Wainwright,"Cat, tiger",FUZZY
Margarette,Denham's bustard,GABBY
Jyoti,"Legaan, Monitor (unidentified)",GABRIELLA
Merrielle,Yellow-brown sungazer,GARFIELD
Estel,"Kangaroo, red",GASBY
Bealle,"Flamingo, lesser",GATOR
Carrissa,Barking gecko,GAVIN
Elliot,American Virginia opossum,GENIE
Boony,"Sheep, red",GEORGE
Gawen,Polar bear,GEORGIA
Jerrine,"Cockatoo, sulfur-crested",GEORGIE
Adriena,"Armadillo, common long-nosed",GIANT
Rriocard,"Grouse, greater sage",GIBSON
Nels,"Oystercatcher, blackish",GIDGET
Deeann,Nyala,GIGI
Robinet,Netted rock dragon,GILBERT
Riobard,Red-breasted nuthatch,GILDA
Kalindi,Gulls (unidentified),GINGER
Bobby,Lesser double-collared sunbird,GINNY
Jo,African pied wagtail,GIRL
Rik,California sea lion,GIZMO
Laverne,Horned puffin,GODIVA
Basilio,"Kingfisher, malachite",GOLDIE
Dannie,"Goose, greylag",GOOBER
Mella,Malachite kingfisher,GOOSE
Jorie,Northern fur seal,GORDON
Camilla,Thomson's gazelle,GRACE
Marwin,"Lynx, african",GRACE
Hedwiga,"Trumpeter, dark-winged",GRACIE
Nari,"Bleu, blue-breasted cordon",GRACIE
Sibby,Gray langur,GRADY
Caty,Ant (unidentified),GREENIE
Chrissy,"Snake, green vine",GRETA
Wilton,"Cardinal, red-capped",GRETCHEN
Maurizia,"Tarantula, salmon pink bird eater",GRETEL
Finn,Brazilian otter,GRETTA
Justino,"Flicker, campo",GRIFFEN
Dagmar,Spotted deer,GRINGO
Brianne,Large cormorant,GRIZZLY
Jewel,Hoary marmot,GROMIT
Ronny,Cougar,GROVER
Juieta,Woodrat (unidentified),GUCCI
Jeromy,"Siskin, pine",GUIDO
Calley,Yellow-billed stork,GUINNESS
Reilly,"Eagle, white-bellied sea",GUNNER
Marie-jeanne,"Salmon, sockeye",GUNTHER
Tibold,"Eagle, pallas's fish",GUS
Rubin,Red brocket,GUY
Steffi,Eleven-banded armadillo (unidentified),GYPSY
Anderson,Emerald green tree boa,HAILEY
Celinka,White rhinoceros,HALEY
Janos,Red-necked phalarope,HALLIE
Marina,Little brown bat,HAMLET
Stephi,Violet-crested turaco,HAMMER
Carlynne,Chilean flamingo,HANK
Sullivan,"Lion, australian sea",HANNA
Tiffanie,"Cormorant, little",HANNAH
Beau,Fringe-eared oryx,HANS
Bertina,Dama wallaby,HAPPYT
Inness,"Ox, musk",HARDY
Hendrik,Kalahari scrub robin,HARLEY
Nick,American crow,HARPO
Ansell,Small-toothed palm civet,HARRISON
Robinia,Bat-eared fox,HARRY
Ogden,Sugar glider,HARVEY
Nerta,Bengal vulture,HEATHER
Angelita,Ground legaan,HEIDI
Teresa,Fork-tailed drongo,HENRY
Emanuele,"Sunbird, lesser double-collared",HERCULES
Chance,Savannah deer,HERSHEY
Ellyn,"Kingfisher, malachite",HIGGINS
Elnar,"Crow, house",HOBBES
Salomone,Woodchuck,HOLLY
Andrej,"Zebra, plains",HOMER
Eunice,Barasingha deer,HONEY
Ferrel,Sulfur-crested cockatoo,HONEY-BEAR
Lennard,"Flamingo, greater",HOOCH
Tallie,Common nighthawk,HOOVER
Haywood,White-tailed jackrabbit,HOPE
Patti,Dusky rattlesnake,HOUDINI
Alexandros,"Crake, african black",HOWIE
Claribel,"Egret, cattle",HUDSON
Foss,"Openbill, asian",HUEY
Burnard,Dassie,HUGH
Giuditta,"Caracara, yellow-headed",HUGO
Sammy,Puku,HUMPHREY
Clare,"Monster, gila",HUNTER
Gradeigh,European spoonbill,INDIA
Tarrah,Bush dog,INDY
Craig,Grison,IRIS
Philippe,American buffalo,ISABELLA
Bud,"Baboon, chacma",ISABELLE
Mayne,"Ringtail, common",ITSY
Giacobo,Peregrine falcon,ITSY-BITSY
Fidole,"Raccoon, common",IVORY
Toiboid,Knob-nosed goose,IVY
Ronald,"Plover, three-banded",IZZY
Kennie,Kongoni,JACK
Robenia,Southern black-backed gull,JACKIE
Tanhya,Galapagos mockingbird,JACKPOT
Demetra,"Kangaroo, red",JACKSON
Hesther,"Kangaroo, brush-tailed rat",JADE
Gaylord,"Owl, madagascar hawk",JAGGER
Erwin,"Weaver, red-billed buffalo",JAGS
Cora,"Marshbird, brown and yellow",JAGUAR
Tomasine,"Flycatcher, tyrant",JAKE
Christabel,"Squirrel, pine",JAMIE
Boonie,Honey badger,JASMINE
Patten,"Wagtail, african pied",JASPER
Sibilla,African bush squirrel,JAXSON
Jenilee,"Crow, house",JAZMIE
Xerxes,Mountain duck,JAZZ
Claudette,Sandhill crane,JELLY
Karolina,Pig-tailed macaque,JELLY-BEAN
Fanni,Common turkey,JENNA
Phebe,"Kangaroo, eastern grey",JENNY
Darwin,"Hedgehog, south african",JERRY
Emily,Tyrant flycatcher,JERSEY
Collen,"Cat, toddy",JESS
Ezechiel,"Ox, musk",JESSE
Elsworth,Plains zebra,JESSE JAMES
Helli,"Pelican, brown",JESSIE
Devlen,Puna ibis,JESTER
Forster,Harbor seal,JET
Marian,Ground legaan,JETHRO
Clemente,Gambel's quail,JETT
Linet,"Snake, green vine",JETTA
Ryun,"Kingfisher, malachite",JEWEL
Linzy,Russian dragonfly,JEWELS
Godfrey,"Dragon, asian water",JIMMUY
Hansiain,Little blue penguin,JINGLES
Maynord,Black-capped capuchin,JJ
Cello,Smith's bush squirrel,JOE
Dre,"Vulture, turkey",JOEY
Emilie,Black curlew,JOHNNY
Everett,Slender loris,JOJO
Sutton,"Shark, blue",JOKER
Innis,"Tortoise, desert",JOLIE
Fawn,Magistrate black colobus,JOLLY
Lani,"Heron, little",JORDAN
Kendell,Toddy cat,JOSIE
Jamie,Frog (unidentified),JOY
Ola,Fringe-eared oryx,JR
Darci,Red-knobbed coot,JUDY
Jessica,"Bison, american",JULIUS
Harbert,"Bear, american black",JUNE
Dale,"Elephant, asian",JUNIOR
Alfonse,Malagasy ground boa,JUSTICE
Rosmunda,Water moccasin,KALI
Sancho,African bush squirrel,KALLIE
Mitchael,Red kangaroo,KANE
Kris,Platypus,KARMA
Addi,"Dolphin, common",KASEY
Marie-ann,"Bee-eater, nubian",KATIE
Neville,"Hedgehog, south african",KATO
Roseanna,"Cardinal, red-capped",KATZ
Norine,Grey-footed squirrel,KAYLA
Fairfax,Yellow-bellied marmot,KC
Addy,Two-toed sloth,KEESHA
Iago,Lapwing (unidentified),KELLIE
Margery,African skink,KELLY
Tova,"Gull, silver",KELSEY
Kinna,"Deer, savannah",KENYA
Mellie,"Pademelon, red-legged",KERRY
Murdock,Bushbuck,KIBBLES
Benedicto,Scarlet macaw,KID
Susanne,Giant heron,KIKI
Francklyn,Pygmy possum,KILLIAN
Tawnya,Sidewinder,KING
Dixie,"Squirrel, indian giant",KIPPER
Sharona,Paca,KIRA
Dougy,"Crab, red lava",KIRBY
Garvy,"Marten, american",KISMET
Ferdie,"Flamingo, lesser",KISSY
Marguerite,"Whale, baleen",KITTY
Drew,Frilled lizard,KIWI
Jandy,Red-tailed wambenger,KLAUS
Leicester,"Baboon, olive",KOBA
Augustina,Arctic tern,KOBE
Geordie,"Gull, dusky",KODA
Isiahi,"Hartebeest, red",KOKO
Goran,"Possum, pygmy",KONA
Ringo,"Phascogale, brush-tailed",KOSMO
Krysta,"Heron, giant",KOTY
Delphinia,Blue wildebeest,KRAMER
Averil,Columbian rainbow boa,KUJO
Dorice,Greater roadrunner,KURLY
Hortense,"Grouse, sage",KYRA
Graig,"Elk, Wapiti",LACEY
Mollee,African wild dog,LADDIE
Merilyn,Great white pelican,LADY
Marcia,"Mockingbird, galapagos",LADYBUG
Gabby,Agile wallaby,LANEY
Burgess,"Dog, african wild",LASSIE
Jodee,Uinta ground squirrel,LATTE
Reine,"Gull, kelp",LAYLA
Gretta,Snake-necked turtle,LAZARUS
Valentine,Brush-tailed rat kangaroo,LEFTY
Rosamund,"Crane, wattled",LEO
Sherilyn,"Lemur, ring-tailed",LEVI
Del,Native cat,LEXI
Wynne,Short-nosed bandicoot,LEXIE
Shay,Galapagos penguin,LEXUS
Krystle,"Avocet, pied",LIBBY
Ranee,"Crane, sandhill",LIGHTNING
Byrle,Carpet python,LILI
Beckie,"Dog, bush",LILLY
Sherri,"Wombat, southern hairy-nosed",LILY
Marilyn,Gulls (unidentified),LINCOLN
Sheila-kathryn,"Goldeneye, common",LINUS
Jazmin,Bahama pintail,LITTLE BIT
Reggi,"Legaan, ground",LITTLE-GUY
Mart,"Dragon, netted rock",LITTLE-ONE
Ladonna,Grizzly bear,LITTLE-RASCAL
Jany,"Roadrunner, greater",LIZZY
Delaney,Dassie,LOGAN
Susanne,Anaconda (unidentified),LOKI
Felipa,"Skink, blue-tongued",LOLA
Maximo,"Elephant, african",LOU
Gallagher,Indian red admiral,LOUIE
Shelly,"Jaeger, long-tailed",LOUIS
Steve,"Kangaroo, western grey",LOVEY
Cesya,Red-billed buffalo weaver,LUCAS
Bart,"Squirrel, eurasian red",LUCI
Francyne,Blue crane,LUCIFER
Jeffry,"Sloth, pale-throated three-toed",LUCKY
Merv,Ground legaan,LUCY
Viva,Red and blue macaw,LUKE
Joshua,"Squirrel, european red",LULU
Loy,"Heron, giant",LUNA
Filmer,Tokay gecko,LYNX
Dylan,"Sparrow, rufous-collared",MAC
Davon,Gray rhea,MACHO
Cheston,Roe deer,MACINTOSH
Dinny,"Hornbill, southern ground",MACK
Jana,Red-billed tropic bird,MACKENZIE
Alyosha,"Admiral, indian red",MACY
Ulrich,Mule deer,MADDIE
Ginni,Old world fruit bat (unidentified),MADDY
Zedekiah,Oribi,MADISON
Trevor,"Crake, african black",MAGGIE
Tiphany,"Eagle, long-crested hawk",MAGGIE-MAE
Clair,"Avocet, pied",MAGGIE-MOO
Katharyn,"Seal, southern elephant",MAGGY
Orsola,White-throated toucan,MAGIC
Franzen,Eastern fox squirrel,MAGNOLIA
Cinnamon,Common zebra,MAJOR
Cordell,Two-toed sloth,MANDI
Olag,Four-striped grass mouse,MANDY
Jefferson,"Wagtail, african pied",MANGO
Ofilia,North American river otter,MARBLE
Patton,River wallaby,MARIAH
Aland,Thomson's gazelle,MARLEY
Leesa,"Boa, columbian rainbow",MARY
Ravi,"Duiker, gray",MARY JANE
Hernando,"Mongoose, banded",MASON
Reynolds,"Hawk-eagle, crowned",MATTIE
Denise,"Lion, african",MAVERICK
Kayley,"Jackal, golden",MAX
Wallis,"Vulture, turkey",MAXIMUS
Michele,Madagascar fruit bat,MAXINE
Pincus,White-lipped peccary,MAXWELL
Monro,Striped hyena,MAY
Laurice,"Glider, feathertail",MAYA
Ginevra,"Insect, stick",MCDUFF
Cortney,"Hyena, striped",MCKENZIE
Nerita,Slender loris,MEADOW
Shandra,Savannah deer,MEGAN
Rodina,"Kingfisher, white-throated",MEGGIE
Breanne,Herring gull,MERCEDES
Tobye,Arboral spiny rat,MERCLE
Yoshiko,Malachite kingfisher,MERLIN
Cecil,Purple grenadier,MIA
Liva,"Monitor, white-throated",MIASY
Paulina,Red-shouldered glossy starling,MICHAEL
Tamqrah,Lesser masked weaver,MICKEY
Esmaria,"Lizard, frilled",MIDNIGHT
Dorey,Asian red fox,MIKEY
Bettye,Grey heron,MIKO
Vassily,"Tapir, brazilian",MILES
Ruthann,"Glider, squirrel",MILLER
Rafi,Red-winged blackbird,MILLIE
Starla,Mountain goat,MILO
Ferdy,"Crow, pied",MIMI
Boyd,Cormorant (unidentified),MINDY
Esther,"Gonolek, burchell's",MING
Gloriane,"Wombat, common",MINI
Gabriellia,"Sheep, red",MINNIE
Bentlee,Steller's sea lion,MISCHIEF
Carolan,"Starling, greater blue-eared",MISHA
Thea,"Dove, galapagos",MISS KITTY
Marcelo,"Buffalo, asian water",MISS PRISS
Mordecai,Red-shouldered glossy starling,MISSIE
Megen,"Cat, kaffir",MISSY
Fallon,Rose-ringed parakeet,MISTER
Kahlil,"Bat, asian false vampire",MISTY
Veda,Darwin ground finch (unidentified),MITCH
Eugenio,South American sea lion,MITTENS
Ingeborg,Ground monitor (unidentified),MITZI
Wake,Southern hairy-nosed wombat,MITZY
Irwinn,Lesser mouse lemur,MO
Shamus,Madagascar hawk owl,MOCHA
Virgina,"Wolf, mexican",MOJO
Dwayne,Black-faced kangaroo,MOLLIE
Audry,"Crane, blue",MOLLY
Laina,"Ferret, black-footed",MONA
Therine,Two-banded monitor,MONKEY
Gretal,Western lowland gorilla,MONSTER
Faythe,"Hare, arctic",MONTANA
Coraline,Eastern indigo snake,MONTGOMERY
Estella,"Plover, three-banded",MONTY
Catarina,"Jackal, silver-backed",MOOCHER
Hillary,Crowned eagle,MOOCHIE
Odey,Timber wolf,MOOKIE
Winnah,Blue fox,MOONSHINE
Pip,Asian foreset tortoise,MOOSE
Eydie,Common raccoon,MORGAN
Anetta,"Grebe, little",MOSES
Yul,Four-spotted skimmer,MOUSE
Tally,"Iguana, land",MR KITTY
Jessey,"Sheep, stone",MUFFIN
Zea,"Deer, white-tailed",MUFFY
Doralynne,Jungle kangaroo,MUGSY
Dixie,"Jacana, african",MULLIGAN
Katharyn,"Gorilla, western lowland",MUNCHKIN
Kiersten,"Armadillo, giant",MURPHY
Kylila,Grant's gazelle,NAKITA
Candy,"Sungazer, yellow-brown",NALA
Jacky,"Bird, red-billed tropic",NANA
Willetta,"Vulture, oriental white-backed",NAPOLEON
Shellysheldon,African buffalo,NATASHA
Cosette,"Mongoose, eastern dwarf",NATHAN
Charin,"Lion, south american sea",NELLIE
Elwira,"Corella, long-billed",NEMO
Anetta,"Viper, egyptian",NENA
Orazio,Dark-winged trumpeter,NERO
Renee,"Heron, goliath",NESTLE
Zach,"Kangaroo, eastern grey",NEWT
Fernando,Kinkajou,NEWTON
Ed,House sparrow,NIBBLES
Dalston,"Whale, southern right",NIBBY
Bride,Yellow-throated sandgrouse,NIBBY-NOSE
Minne,"Racer, american",NICK
Elsi,"Starling, red-shouldered glossy",NICKERS
Melosa,Gray rhea,NICKIE
Erich,Little cormorant,NICKY
Antin,Sloth bear,NICO
Pollyanna,"Squirrel, nelson ground",NIKE
Lauree,Scarlet macaw,NIKI
Dukey,Snake-necked turtle,NIKITA
Mandi,Southern elephant seal,NIKKI
Marni,"Penguin, fairy",NIKO
Madison,Green-winged macaw,NINA
Glen,Hanuman langur,NITRO
Arley,"Lion, steller's sea",NOBEL
Halie,"Bear, grizzly",NOEL
Damara,"Vulture, black",NONA
Viva,Knob-nosed goose,NOODLES
Guendolen,African skink,NORTON
Tuck,Bare-faced go away bird,NOSEY
Margarete,"Lemur, ring-tailed",NUGGET
Rriocard,American black bear,NUTMEG
Bertha,Mocking cliffchat,OAKLEY
Barney,"Bat, madagascar fruit",OBIE
Angel,Western palm tanager (unidentified),ODIE
Nita,Jaguarundi,OLD GLORY
Sigrid,"Puma, south american",OLIVE
Papageno,"Lizard, desert spiny",OLIVER
Annabal,Yellow-billed stork,OLIVIA
Derrick,"Goose, cereopsis",OLLIE
Dona,Great egret,ONIE
Nonah,Western bearded dragon,ONYX
Tanner,"Booby, blue-faced",OPIE
Gerri,Southern ground hornbill,OREO
Eddy,"Owl, australian masked",OSCAR
Chanda,"Mongoose, eastern dwarf",OTIS
Lamar,"Lizard, blue-tongued",OTTO
Jane,Laughing kookaburra,OZ
Alister,Malleefowl,OZZIE
Pail,Sandhill crane,OZZY
Hale,American bighorn sheep,PABLO
Gabriellia,"Armadillo, seven-banded",PACO
Mandy,White-rumped vulture,PADDINGTON
Madelina,"Snake, carpet",PADDY
Idaline,African wild dog,PANDA
Claudie,Black-capped capuchin,PANDORA
Zenia,"Skunk, striped",PANTHER
Wynn,"Glider, sugar",PAPA
Lynea,Blue and gold macaw,PARIS
Wain,Black spider monkey,PARKER
Kennett,Arctic hare,PASHA
Shem,"Parrot, hawk-headed",PATCH
Vernen,Verreaux's sifaka,PATCHES
Brianna,Madagascar fruit bat,PATRICKY
Gustaf,"Eagle, crowned",PATSY
Dianemarie,"Wallaby, red-necked",PATTY
Kizzee,Gaur,PEACHES
Roseline,"Reedbuck, bohor",PEANUT
Charyl,"Stork, saddle-billed",PEANUTS
Montague,Indian peacock,PEARL
Hazlett,"Caiman, spectacled",PEBBLES
Analise,"Robin, kalahari scrub",PEDRO
Hyacinth,"Cockatoo, red-tailed",PENNY
Pia,Mocking cliffchat,PEPE
Iggie,"Dragon, komodo",PEPPER
Dasie,Nile crocodile,PEPPY
Urbain,"Plover, three-banded",PEPSI
Jefferey,Western patch-nosed snake,PERSY
Idalia,"Dragon, netted rock",PETE
Lucho,Thomson's gazelle,PETER
Parry,Swallow-tail gull,PETEY
Dalila,Indian jackal,PETIE
Cissiee,"Boar, wild",PHANTOM
Brunhilda,Bird (unidentified),PHOEBE
Tine,Blackbuck,PHOENIX
Gideon,"Armadillo, nine-banded",PICASSO
Willette,Bohor reedbuck,PICKLES
Alaster,"Gull, silver",PIERRE
Niki,Warthog,PIGGY
Filia,Red-winged blackbird,PIGLET
Hesther,American woodcock,PINK PANTHER
Mirabel,"Openbill, asian",PINKY
Frederick,"Alligator, american",PINTO
Burtie,"Egret, cattle",PIPER
Rolph,Comb duck,PIPPIN
Mavis,White-mantled colobus,PIPPY
Germana,White-bellied sea eagle,PIP-SQUEEK
Michal,Eagle owl (unidentified),PIRATE
Paula,Greater rhea,PIXIE
Hobie,"Seal, southern elephant",PLATO
Pepito,Red kangaroo,PLUTO
Herc,Uinta ground squirrel,POCKETS
Tonnie,"Lion, steller's sea",POGO
Letti,"Dragon, netted rock",POKEY
Hoyt,Ovenbird,POLLY
Carlynn,Coyote,PONCHO
Shirl,"Tortoise, burmese brown mountain",PONGO
Erv,Short-beaked echidna,POOCH
Petr,Horned puffin,POOCHIE
Olivero,African fish eagle,POOH
Alverta,"Sheep, stone",POOH-BEAR
Mart,"Rhinoceros, white",POOKIE
Carleton,Kalahari scrub robin,POOKY
Tyson,Crab (unidentified),POPCORN
Rudie,Tasmanian devil,POPPY
Genevieve,Springhare,PORCHE
Emmy,Giant girdled lizard,PORKCHOP
Hannah,"Rat, white-faced tree",PORKY
Florida,Grey lourie,PORTER
Milton,Chilean flamingo,POWDER
Ava,Hoffman's sloth,PRANCER
Hasheem,"Stork, marabou",PRECIOUS
Gayler,"Fowl, helmeted guinea",PRESLEY
Buddy,Red-tailed hawk,PRETTY
Sonny,"Stork, european",PRETTY-GIRL
Annadiana,"Monitor, water",PRINCE
Otho,Blue duck,PRINCESS
Tonye,Glossy starling (unidentified),PRISSY
Christiane,"Rhea, greater",PUCK
Elspeth,"Macaw, red and blue",PUDDLES
Jenni,"Wolf, common",PUDGE
Aleksandr,Bent-toed gecko,PUFFY
Katti,Mudskipper (unidentified),PUGSLEY
Maxy,"Starling, red-shouldered glossy",PUMPKIN
Fara,Feral rock pigeon,PUNKIN
Julietta,"Seal, common",PUPPY
Uriel,"Monkey, bleeding heart",PURDY
Marylinda,African wild cat,QUEEN
Brana,"Goldeneye, barrows",QUEENIE
Karlik,"Cobra, cape",QUINCY
Constantia,"Eagle, tawny",QUINN
Latisha,Four-striped grass mouse,RAGS
Madel,Klipspringer,RAISON
Cary,"Cliffchat, mocking",RALPH
Albertine,Thomson's gazelle,RALPHIE
Kimbell,"Squirrel, european red",RAMBLER
Adolf,"Owl, snowy",RAMBO
Kerrie,Red-capped cardinal,RANGER
Mart,"Salmon, sockeye",RASCAL
Ric,Yellow-billed stork,RAVEN
Kara,"Mongoose, eastern dwarf",REBEL
Ferdinande,Egyptian cobra,RED
Sigrid,"Crow, pied",REGGIE
Shandie,Common mynah,REILLY
Burr,"Kudu, greater",REMY
Rhianon,Cook's tree boa,REX
Charlotte,Carpet python,REXY
Adolpho,"Shrike, southern white-crowned",RHETT
Tyler,"Lion, mountain",RICKY
Marwin,Malabar squirrel,RICO
Sybila,Palm squirrel,RIGGS
Friedrick,"Crake, african black",RILEY
Dorry,Marine iguana,RIN TIN TIN
Merry,Southern tamandua,RINGO
Ellary,European beaver,RIPLEY
Hurley,Blue-tongued skink,ROCCO
Abrahan,Red-breasted nuthatch,ROCK
Sauncho,"Lemur, lesser mouse",ROCKET
Carley,Dromedary camel,ROCKO
Arlena,Mandras tree shrew,ROCKY
Coleman,Frilled dragon,ROLAND
Rosamund,"Duiker, common",ROLEX
Willy,American woodcock,ROLLIE
Taddeo,Racer snake,ROMAN
Katrinka,"Zebra, plains",ROMEO
Ingaberg,"Armadillo, nine-banded",ROSA
Christye,"Parrot, hawk-headed",ROSCOE
Odelle,Galapagos sea lion,ROSEBUD
Shannah,Eastern quoll,ROSIE
Carmelina,"Flamingo, roseat",ROSY
Syman,"Stork, saddle-billed",ROVER
Johnath,Swallow-tail gull,ROWDY
Mitch,"Deer, swamp",ROXANNE
Trstram,Long-nosed bandicoot,ROXIE
Kennan,"Cockatoo, sulfur-crested",ROXY
Berton,"Lynx, african",RUBY
Hesther,"Macaque, bonnet",RUCHUS
Barde,Margay,RUDY
Haleigh,"Rhea, gray",RUFFE
Garik,"Sloth, pale-throated three-toed",RUFFER
Aland,"Waterbuck, common",RUFFLES
Chuck,"Bird, bare-faced go away",RUFUS
Bone,Plains zebra,RUGER
Felizio,Knob-nosed goose,RUSTY
Mariann,"Cormorant, great",RUTHIE
Estrella,Galapagos dove,RYDER
Remy,"Lion, african",SABINE
Palmer,American marten,SABLE
Philly,"Zorro, common",SABRINA
Carlee,"Vulture, bengal",SADIE
Feodora,Crab-eating fox,SAGE
Ajay,"Wombat, southern hairy-nosed",SAILOR
Florina,"Skunk, western spotted",SALEM
Frayda,Fat-tailed dunnart,SALLY
Theodoric,"Crane, brolga",SALTY
Jorey,Violet-crested turaco,SAM
Sharai,Mule deer,SAMANTHA
Sigismund,White-lipped peccary,SAMMY
Leland,Asian openbill,SAMPSON
Jaquenetta,Lesser mouse lemur,SAMSON
Becky,Asian foreset tortoise,SANDY
Bail,"Devil, tasmanian",SARA
Filbert,Blue-breasted cordon bleu,SARAH
Michaela,"Admiral, indian red",SARGE
Willyt,Black-throated butcher bird,SASHA
Juliane,"Sparrow, house",SASSIE
Cherri,"Wolf, timber",SASSY
Carley,African fish eagle,SAVANNAH
Jemimah,Carmine bee-eater,SAWYER
Kalli,"Porcupine, indian",SCARLETT
Morgen,Chilean flamingo,SCHOTZIE
Roxie,Common zebra,SCHULTZ
Vivien,Black-backed jackal,SCOOBIE
Addy,"Nighthawk, common",SCOOBY
Dacy,Crowned eagle,SCOOBY-DOO
Shellie,"Tortoise, indian star",SCOOTER
Geri,Yak,SCOTTIE
Esma,Red kangaroo,SCOUT
Ragnar,Brush-tailed rat kangaroo,SCRAPPY
Abagael,Gray heron,SCRUFFY
Pepi,Miner's cat,SEBASTIAN
Carmina,"Bear, sloth",SHADOW
Ronald,"Sheep, red",SHADY
Selestina,"Duck, mountain",SHAGGY
Giana,"Beaver, north american",SHASTA
Allyce,Greater flamingo,SHEBA
Joyan,"Dog, black-tailed prairie",SHEENA
Letizia,Native cat,SHELBY
Egor,African bush squirrel,SHELLY
Mallorie,Scottish highland cow,SHERMAN
Gui,"Boa, emerald green tree",SHILOH
Adriane,Crown of thorns starfish,SHINER
Rick,African lynx,SHORTY
Gilly,Vine snake (unidentified),SIENNA
Rockie,"Glider, feathertail",SIERRA
Marcelline,"Finch, common melba",SILKY
Camella,Hottentot teal,SILVER
Birgit,"Crow, american",SILVESTER
Roosevelt,"Goose, greylag",SIMBA
Welch,"Vulture, white-headed",SIMON
Ermin,"Buffalo, american",SIMONE
Sibel,"Beaver, eurasian",SISSY
Ailey,Common wolf,SKEETER
Joline,"Cat, miner's",SKINNY
Beckie,Raccoon dog,SKIP
Fredia,"Dove, ring",SKIPPER
Manda,"Kingfisher, pied",SKIPPY
Ulises,Clark's nutcracker,SKITTLES
Christina,Western bearded dragon,SKY
Quent,Lilac-breasted roller,SKYE
Angel,Hanuman langur,SKYLER
Caldwell,European shelduck,SLICK
Curcio,African wild cat,SLINKY
Beauregard,"Buffalo, african",SLY
Inglis,"Dolphin, striped",SMARTY
Jeremy,"Fox, grey",SMOKE
Katherina,Four-horned antelope,SMOKEY
